Chain,Park,Name,Height,Speed,Length,Inversions,URL
Cedar Fair,Cedar Point,Millennium Force,310.0,93.0,6595.0,0,https://rcdb.com/594.htm
Cedar Fair,Cedar Point,GateKeeper,170.0,67.0,4164.0,6,https://rcdb.com/10891.htm
Cedar Fair,Cedar Point,Steel Vengeance,205.0,74.0,5740.0,4,https://rcdb.com/15411.htm
Cedar Fair,Cedar Point,Corkscrew,85.0,48.0,2050.0,3,https://rcdb.com/13.htm
Cedar Fair,Cedar Point,Magnum XL-200,205.0,72.0,5106.0,0,https://rcdb.com/11.htm
Cedar Fair,Cedar Point,Rougarou,145.0,60.0,3900.0,4,https://rcdb.com/7.htm
Cedar Fair,Cedar Point,Woodstock Express,42.7,28.5,1099.1,0,https://rcdb.com/553.htm
Cedar Fair,Cedar Point,Maverick,105.0,70.0,4450.0,2,https://rcdb.com/3570.htm
Cedar Fair,Cedar Point,Iron Dragon,76.0,40.0,2800.0,0,https://rcdb.com/17.htm
Cedar Fair,Cedar Point,Top Thrill 2,420.0,120.0,3422.0,0,https://rcdb.com/1896.htm
Cedar Fair,Cedar Point,Raptor,137.0,57.0,3790.0,6,https://rcdb.com/1.htm
Cedar Fair,Cedar Point,Valravn,223.0,75.0,3415.0,3,https://rcdb.com/13383.htm
Cedar Fair,Cedar Point,Blue Streak,78.0,40.0,2558.0,0,https://rcdb.com/12.htm
Cedar Fair,Cedar Point,Wild Mouse,52.0,35.0,1312.0,0,https://rcdb.com/20342.htm
Cedar Fair,Cedar Point,Cedar Creek Mine Ride,48.0,42.0,2540.0,0,https://rcdb.com/18.htm
Cedar Fair,Cedar Point,Wilderness Run,19.0,6.0,443.0,0,https://rcdb.com/15.htm
Cedar Fair,Cedar Point,Gemini,125.3,60.0,3935.0,0,https://rcdb.com/14.htm
Cedar Fair,Cedar Point,Siren’s Curse,160.0,58.4,2965.9,2,https://rcdb.com/22124.htm
Cedar Fair,Kings Island,Bat,78.0,51.0,2352.0,0,https://rcdb.com/73.htm
Cedar Fair,Kings Island,Racer,88.0,53.0,3415.0,0,https://rcdb.com/69.htm
Cedar Fair,Kings Island,Flight of Fear,74.2,54.0,2705.0,4,https://rcdb.com/66.htm
Cedar Fair,Kings Island,Woodstock Express,39.0,35.0,1350.0,0,https://rcdb.com/72.htm
Cedar Fair,Kings Island,Adventure Express,63.0,35.0,2963.0,0,https://rcdb.com/70.htm
Cedar Fair,Kings Island,Diamondback,230.0,80.0,5282.0,0,https://rcdb.com/4253.htm
Cedar Fair,Kings Island,Banshee,167.0,68.0,4124.0,7,https://rcdb.com/6640.htm
Cedar Fair,Kings Island,Mystic Timbers,109.2,53.0,3265.0,0,https://rcdb.com/14116.htm
Cedar Fair,Kings Island,Queen City Stunt Coaster,45.2,40.0,1960.0,0,https://rcdb.com/2860.htm
Cedar Fair,Kings Island,Beast,110.0,64.8,7361.0,0,https://rcdb.com/67.htm
Cedar Fair,Kings Island,Orion,287.0,91.0,5321.0,0,https://rcdb.com/11437.htm
Cedar Fair,Kings Island,Snoopy's Soap Box Racers,75.5,37.3,672.6,0,https://rcdb.com/21087.htm
Cedar Fair,Kings Island,Woodstock’s Air Rail,48.6,26.0,1122.0,0,https://rcdb.com/1037.htm
Cedar Fair,Kings Island,Invertigo,131.3,50.0,1013.8,3,https://rcdb.com/530.htm
Cedar Fair,Kings Island,Great Pumpkin Coaster,8.0,8.0,199.3,0,https://rcdb.com/74.htm
Cedar Fair,Carowinds,Carolina Goldrusher,43.0,30.0,2397.0,0,https://rcdb.com/83.htm
Cedar Fair,Carowinds,Wilderness Run,16.0,,416.0,0,https://rcdb.com/498.htm
Cedar Fair,Carowinds,Snoopy’s Racing Railway,,31.1,,0,https://rcdb.com/22011.htm
Cedar Fair,Carowinds,Flying Cobras,116.5,47.0,935.0,3,https://rcdb.com/4269.htm
Cedar Fair,Carowinds,Ricochet,45.9,28.0,1213.9,0,https://rcdb.com/1478.htm
Cedar Fair,Carowinds,Thunder Striker,232.0,75.0,5316.0,0,https://rcdb.com/8588.htm
Cedar Fair,Carowinds,Copperhead Strike,82.0,50.0,3255.0,5,https://rcdb.com/16349.htm
Cedar Fair,Carowinds,Carolina Cyclone,95.0,41.0,2100.0,4,https://rcdb.com/81.htm
Cedar Fair,Carowinds,Hurler,83.0,50.0,3157.0,0,https://rcdb.com/85.htm
Cedar Fair,Carowinds,Kiddy Hawk,48.6,26.0,1122.0,0,https://rcdb.com/1897.htm
Cedar Fair,Carowinds,Vortex,90.0,50.0,2040.0,2,https://rcdb.com/86.htm
Cedar Fair,Carowinds,Fury 325,325.0,95.0,6602.0,0,https://rcdb.com/12273.htm
Cedar Fair,Carowinds,Afterburn,113.0,62.0,2956.0,6,https://rcdb.com/527.htm
Cedar Fair,Carowinds,Woodstock Express,,,1356.0,0,https://rcdb.com/82.htm
Cedar Fair,Canada's Wonderland,Bat,116.5,47.0,935.0,3,https://rcdb.com/64.htm
Cedar Fair,Canada's Wonderland,Backlot Stunt Coaster,45.2,40.0,1960.0,0,https://rcdb.com/2861.htm
Cedar Fair,Canada's Wonderland,Vortex,91.0,55.0,2361.0,0,https://rcdb.com/65.htm
Cedar Fair,Canada's Wonderland,Fly,51.8,35.0,1312.3,0,https://rcdb.com/540.htm
Cedar Fair,Canada's Wonderland,Silver Streak,48.6,26.0,1122.0,0,https://rcdb.com/734.htm
Cedar Fair,Canada's Wonderland,Taxi Jam,,,,0,https://rcdb.com/506.htm
Cedar Fair,Canada's Wonderland,Behemoth,230.0,77.0,5318.0,0,https://rcdb.com/4005.htm
Cedar Fair,Canada's Wonderland,Wonder Mountain's Guardian,60.0,,1000.0,0,https://rcdb.com/12140.htm
Cedar Fair,Canada's Wonderland,AlpenFury,164.0,71.5,3280.8,7,https://rcdb.com/22016.htm
Cedar Fair,Canada's Wonderland,Wilde Beast,82.0,56.0,3150.0,0,https://rcdb.com/60.htm
Cedar Fair,Canada's Wonderland,Dragon Fyre,78.0,50.0,2160.0,4,https://rcdb.com/58.htm
Cedar Fair,Canada's Wonderland,Thunder Run,33.0,40.0,1083.0,0,https://rcdb.com/63.htm
Cedar Fair,Canada's Wonderland,Mighty Canadian Minebuster,90.0,55.9,3828.0,0,https://rcdb.com/59.htm
Cedar Fair,Canada's Wonderland,Leviathan,306.0,92.0,5486.0,0,https://rcdb.com/10108.htm
Cedar Fair,Canada's Wonderland,Snoopy's Racing Railway,,31.1,,0,https://rcdb.com/20343.htm
Cedar Fair,Canada's Wonderland,Ghoster Coaster,41.0,35.0,1356.0,0,https://rcdb.com/61.htm
Cedar Fair,Canada's Wonderland,Yukon Striker,223.0,80.8,3625.0,4,https://rcdb.com/16021.htm
Cedar Fair,Canada's Wonderland,Flight Deck,109.3,49.7,2260.5,5,https://rcdb.com/57.htm
Cedar Fair,Knott's Berry Farm,HangTime,150.0,57.0,2198.0,5,https://rcdb.com/15413.htm
Cedar Fair,Knott's Berry Farm,Sierra Sidewinder,64.0,36.9,1505.9,0,https://rcdb.com/3704.htm
Cedar Fair,Knott's Berry Farm,Coast Rider,52.0,37.0,1339.0,0,https://rcdb.com/11074.htm
Cedar Fair,Knott's Berry Farm,Xcelerator,205.0,82.0,2202.0,0,https://rcdb.com/1574.htm
Cedar Fair,Knott's Berry Farm,Silver Bullet,146.0,55.0,3125.0,6,https://rcdb.com/2536.htm
Cedar Fair,Knott's Berry Farm,Pony Express,44.3,38.0,1250.0,0,https://rcdb.com/4089.htm
Cedar Fair,Knott's Berry Farm,Snoopy’s Tenderpaw Twister Coaster,,,,0,https://rcdb.com/21371.htm
Cedar Fair,Knott's Berry Farm,Jaguar!,65.0,35.0,2602.0,0,https://rcdb.com/291.htm
Cedar Fair,Knott's Berry Farm,GhostRider,118.0,56.0,4533.0,0,https://rcdb.com/526.htm
Cedar Fair,California's Great America,Grizzly,91.0,55.0,3250.0,0,https://rcdb.com/77.htm
Cedar Fair,California's Great America,Psycho Mouse,,,1257.0,0,https://rcdb.com/1036.htm
Cedar Fair,California's Great America,Flight Deck,102.0,50.0,2260.0,3,https://rcdb.com/80.htm
Cedar Fair,California's Great America,Demon,102.0,50.0,2130.0,4,https://rcdb.com/76.htm
Cedar Fair,California's Great America,Lucy's Crabbie Cabbies,,,,0,https://rcdb.com/536.htm
Cedar Fair,California's Great America,Gold Striker,108.2,53.7,3197.0,0,https://rcdb.com/10857.htm
Cedar Fair,California's Great America,Woodstock Express,,,1300.0,0,https://rcdb.com/78.htm
Cedar Fair,California's Great America,Patriot,91.0,45.0,1920.0,2,https://rcdb.com/79.htm
Cedar Fair,California's Great America,RailBlazer,106.0,52.0,1800.0,3,https://rcdb.com/15412.htm
Cedar Fair,Kings Dominion,Reptilian,,41.0,,0,https://rcdb.com/282.htm
Cedar Fair,Kings Dominion,Apple Zapple,51.8,35.0,1312.3,0,https://rcdb.com/930.htm
Cedar Fair,Kings Dominion,Great Pumpkin Coaster,,,,0,https://rcdb.com/456.htm
Cedar Fair,Kings Dominion,Racer 75,85.0,56.0,3368.5,0,https://rcdb.com/88.htm
Cedar Fair,Kings Dominion,Twisted Timbers,111.0,54.0,3361.0,3,https://rcdb.com/15028.htm
Cedar Fair,Kings Dominion,Tumbili,112.0,34.0,770.0,0,https://rcdb.com/18846.htm
Cedar Fair,Kings Dominion,Backlot Stunt Coaster,45.2,40.0,1960.0,0,https://rcdb.com/3302.htm
Cedar Fair,Kings Dominion,Rapterra,145.0,65.0,3086.0,3,https://rcdb.com/21885.htm
Cedar Fair,Kings Dominion,Pantherian,305.0,90.0,5100.0,0,https://rcdb.com/4520.htm
Cedar Fair,Kings Dominion,Woodstock Express,35.0,35.0,1385.0,0,https://rcdb.com/89.htm
Cedar Fair,Kings Dominion,Grizzly,87.0,51.0,3150.0,0,https://rcdb.com/90.htm
Cedar Fair,Kings Dominion,Flight of Fear,74.2,54.0,2705.0,4,https://rcdb.com/138.htm
Cedar Fair,Kings Dominion,Dominator,157.0,65.0,4210.0,5,https://rcdb.com/4079.htm
Cedar Fair,Dorney Park,Thunderhawk,80.0,45.0,2767.0,0,https://rcdb.com/239.htm
Cedar Fair,Dorney Park,Wild Mouse,49.3,28.0,1213.9,0,https://rcdb.com/601.htm
Cedar Fair,Dorney Park,Steel Force,200.0,75.0,5600.0,0,https://rcdb.com/276.htm
Cedar Fair,Dorney Park,Talon,135.0,58.0,3110.0,4,https://rcdb.com/735.htm
Cedar Fair,Dorney Park,Possessed,185.0,70.0,629.9,0,https://rcdb.com/4039.htm
Cedar Fair,Dorney Park,Woodstock Express,13.0,10.0,262.5,0,https://rcdb.com/642.htm
Cedar Fair,Dorney Park,Hydra the Revenge,95.0,53.0,3198.0,7,https://rcdb.com/2528.htm
Cedar Fair,Dorney Park,Iron Menace,160.0,64.0,2169.0,4,https://rcdb.com/21085.htm
Cedar Fair,Worlds of Fun,Mamba,205.0,75.0,5600.0,0,https://rcdb.com/469.htm
Cedar Fair,Worlds of Fun,Prowler,102.3,51.2,3074.0,0,https://rcdb.com/4296.htm
Cedar Fair,Worlds of Fun,Timber Wolf,100.0,53.0,4230.0,0,https://rcdb.com/22.htm
Cedar Fair,Worlds of Fun,Patriot,149.0,60.0,3081.0,4,https://rcdb.com/3244.htm
Cedar Fair,Worlds of Fun,Boomerang,116.5,47.0,935.0,3,https://rcdb.com/653.htm
Cedar Fair,Worlds of Fun,Cosmic Coaster,15.0,5.0,444.0,0,https://rcdb.com/102.htm
Cedar Fair,Worlds of Fun,Spinning Dragons,54.0,31.0,1345.0,0,https://rcdb.com/2572.htm
Cedar Fair,Worlds of Fun,Zambezi Zinger,74.0,45.0,2428.0,0,https://rcdb.com/20340.htm
Cedar Fair,Valleyfair,Renegade,97.5,51.3,3113.0,0,https://rcdb.com/3660.htm
Cedar Fair,Valleyfair,Wild Thing,207.0,74.0,5460.0,0,https://rcdb.com/137.htm
Cedar Fair,Valleyfair,Excalibur,100.0,54.5,2415.0,0,https://rcdb.com/119.htm
Cedar Fair,Valleyfair,Cosmic Coaster,14.0,20.0,213.3,0,https://rcdb.com/9837.htm
Cedar Fair,Valleyfair,Steel Venom,185.0,70.0,630.0,0,https://rcdb.com/1920.htm
Cedar Fair,Valleyfair,Mad Mouse,50.0,30.0,1257.0,0,https://rcdb.com/547.htm
Cedar Fair,Valleyfair,High Roller,70.0,50.0,2982.0,0,https://rcdb.com/117.htm
Cedar Fair,Valleyfair,Corkscrew,85.0,50.0,1950.0,3,https://rcdb.com/118.htm
Cedar Fair,Michigan's Adventure,Zach's Zoomer,41.0,,1400.0,0,https://rcdb.com/415.htm
Cedar Fair,Michigan's Adventure,Wolverine Wildcat,85.0,55.0,3000.0,0,https://rcdb.com/219.htm
Cedar Fair,Michigan's Adventure,Thunderhawk,109.3,49.7,2260.5,5,https://rcdb.com/4053.htm
Cedar Fair,Michigan's Adventure,Shivering Timbers,122.0,57.0,5383.0,0,https://rcdb.com/478.htm
Cedar Fair,Michigan's Adventure,Woodstock Express,16.1,,,0,https://rcdb.com/15124.htm
Cedar Fair,Michigan's Adventure,Corkscrew,70.0,45.0,1250.0,2,https://rcdb.com/218.htm
Cedar Fair,Michigan's Adventure,Mad Mouse,68.0,,1268.0,0,https://rcdb.com/537.htm
Six Flags,Six Flags Magic Mountain,Goliath,235.0,85.0,4500.0,0,https://rcdb.com/615.htm
Six Flags,Six Flags Magic Mountain,Apocalypse the Ride,95.0,50.1,2877.0,0,https://rcdb.com/4173.htm
Six Flags,Six Flags Magic Mountain,Twisted Colossus,121.0,57.0,4990.0,2,https://rcdb.com/12282.htm
Six Flags,Six Flags Magic Mountain,Gold Rusher,70.0,35.0,2590.0,0,https://rcdb.com/266.htm
Six Flags,Six Flags Magic Mountain,Viper,188.0,70.0,3830.0,7,https://rcdb.com/25.htm
Six Flags,Six Flags Magic Mountain,Speedy Gonzales Hot Rod Racers,13.1,,262.5,0,https://rcdb.com/9971.htm
Six Flags,Six Flags Magic Mountain,Wonder Woman Flight of Courage,131.0,58.0,3300.0,3,https://rcdb.com/19515.htm
Six Flags,Six Flags Magic Mountain,Scream!,150.0,63.0,3985.0,7,https://rcdb.com/2169.htm
Six Flags,Six Flags Magic Mountain,X2,175.0,76.0,3610.0,2,https://rcdb.com/750.htm
Six Flags,Six Flags Magic Mountain,Tatsu,170.0,62.0,3602.0,4,https://rcdb.com/3305.htm
Six Flags,Six Flags Magic Mountain,Full Throttle,164.0,70.0,2200.0,2,https://rcdb.com/10948.htm
Six Flags,Six Flags Magic Mountain,Batman The Ride,105.0,50.0,2700.0,5,https://rcdb.com/24.htm
Six Flags,Six Flags Magic Mountain,Road Runner Express,27.9,21.7,679.1,0,https://rcdb.com/4346.htm
Six Flags,Six Flags Magic Mountain,Riddler's Revenge,156.0,65.0,4370.0,6,https://rcdb.com/470.htm
Six Flags,Six Flags Magic Mountain,New Revolution,113.0,55.0,3457.0,1,https://rcdb.com/130.htm
Six Flags,Six Flags Magic Mountain,West Coast Racers,67.0,55.0,4000.0,4,https://rcdb.com/16588.htm
Six Flags,Six Flags Magic Mountain,Canyon Blaster,16.0,10.0,416.0,0,https://rcdb.com/576.htm
Six Flags,Six Flags Magic Mountain,Ninja,60.0,55.0,2700.0,0,https://rcdb.com/129.htm
Six Flags,Six Flags Great Adventure & Safari,Flash: Vertical Velocity,172.0,59.0,1430.4,2,https://rcdb.com/21088.htm
Six Flags,Six Flags Great Adventure & Safari,Batman The Ride,105.0,50.0,2693.0,5,https://rcdb.com/32.htm
Six Flags,Six Flags Great Adventure & Safari,Superman - Ultimate Flight,106.0,51.0,2759.0,2,https://rcdb.com/1976.htm
Six Flags,Six Flags Great Adventure & Safari,Joker,120.0,38.0,1019.0,0,https://rcdb.com/13421.htm
Six Flags,Six Flags Great Adventure & Safari,Harley Quinn Crazy Train,26.3,22.4,1181.1,0,https://rcdb.com/567.htm
Six Flags,Six Flags Great Adventure & Safari,Lil' Devil Coaster,13.0,,262.5,0,https://rcdb.com/19460.htm
Six Flags,Six Flags Great Adventure & Safari,Runaway Mine Train,60.0,38.0,2429.0,0,https://rcdb.com/131.htm
Six Flags,Six Flags Great Adventure & Safari,El Toro,181.0,70.0,4400.0,0,https://rcdb.com/3183.htm
Six Flags,Six Flags Great Adventure & Safari,Jersey Devil Coaster,130.0,58.0,3000.0,3,https://rcdb.com/17658.htm
Six Flags,Six Flags Great Adventure & Safari,Nitro,230.0,80.0,5394.0,0,https://rcdb.com/1106.htm
Six Flags,Six Flags Great Adventure & Safari,Dark Knight,,,1213.0,0,https://rcdb.com/4047.htm
Six Flags,Six Flags Great Adventure & Safari,Medusa,142.0,61.0,3985.0,7,https://rcdb.com/502.htm
Six Flags,Six Flags Great Adventure & Safari,Skull Mountain,40.5,33.0,1377.0,0,https://rcdb.com/35.htm
Six Flags,Six Flags Great America,Joker,120.0,38.0,1019.0,0,https://rcdb.com/14187.htm
Six Flags,Six Flags Great America,Wrath of Rakshasa,180.0,67.0,3239.0,5,https://rcdb.com/22031.htm
Six Flags,Six Flags Great America,Batman The Ride,100.0,50.0,2700.0,5,https://rcdb.com/5.htm
Six Flags,Six Flags Great America,Goliath,165.0,72.0,3100.0,2,https://rcdb.com/9972.htm
Six Flags,Six Flags Great America,American Eagle,127.0,66.0,4650.0,0,https://rcdb.com/9.htm
Six Flags,Six Flags Great America,Sprocket Rockets,27.9,21.7,679.1,0,https://rcdb.com/488.htm
Six Flags,Six Flags Great America,Raging Bull,202.0,73.0,5057.0,0,https://rcdb.com/535.htm
Six Flags,Six Flags Great America,Little Dipper,28.0,20.0,700.0,0,https://rcdb.com/8985.htm
Six Flags,Six Flags Great America,Flash: Vertical Velocity,185.0,70.0,630.0,0,https://rcdb.com/747.htm
Six Flags,Six Flags Great America,Dark Knight,,,1213.0,0,https://rcdb.com/4046.htm
Six Flags,Six Flags Great America,X-Flight,120.0,55.0,3000.0,5,https://rcdb.com/10137.htm
Six Flags,Six Flags Great America,Maxx Force,175.0,78.0,1800.0,4,https://rcdb.com/16586.htm
Six Flags,Six Flags Great America,Demon,103.7,50.0,2130.0,4,https://rcdb.com/3.htm
Six Flags,Six Flags Great America,Viper,100.0,50.0,3458.0,0,https://rcdb.com/10.htm
Six Flags,Six Flags Great America,Whizzer,70.0,42.0,3100.0,0,https://rcdb.com/113.htm
Six Flags,Six Flags Great America,Superman - Ultimate Flight,106.0,51.0,2798.0,2,https://rcdb.com/1977.htm
Six Flags,Six Flags Over Texas,New Texas Giant,153.0,65.0,4200.0,0,https://rcdb.com/11662.htm
Six Flags,Six Flags Over Texas,Joker,120.0,38.0,1019.0,0,https://rcdb.com/14188.htm
Six Flags,Six Flags Over Texas,Mr. Freeze,218.0,70.0,1300.0,1,https://rcdb.com/281.htm
Six Flags,Six Flags Over Texas,Batman The Ride,105.0,50.0,2700.0,5,https://rcdb.com/552.htm
Six Flags,Six Flags Over Texas,Runaway Mine Train,35.0,35.0,2485.0,0,https://rcdb.com/30.htm
Six Flags,Six Flags Over Texas,Judge Roy Scream,71.0,45.0,2670.0,0,https://rcdb.com/29.htm
Six Flags,Six Flags Over Texas,Runaway Mountain,65.0,40.0,1500.0,0,https://rcdb.com/31.htm
Six Flags,Six Flags Over Texas,Mini Mine Train,20.0,20.0,910.0,0,https://rcdb.com/97.htm
Six Flags,Six Flags Over Texas,Wile E. Coyote's Grand Canyon Blaster,16.1,15.0,,0,https://rcdb.com/1117.htm
Six Flags,Six Flags Over Texas,Titan,245.0,85.0,5312.0,0,https://rcdb.com/742.htm
Six Flags,Six Flags Over Texas,Shock Wave,116.0,60.0,3600.0,2,https://rcdb.com/28.htm
Six Flags,Six Flags Over Texas,Aquaman: Power Wave,146.3,62.1,708.7,0,https://rcdb.com/17653.htm
Six Flags,Six Flags Over Texas,Pandemonium,53.0,31.0,1351.0,0,https://rcdb.com/4042.htm
Six Flags,Six Flags Fiesta Texas,Batgirl Coaster Chase,,,278.9,0,https://rcdb.com/207.htm
Six Flags,Six Flags Fiesta Texas,Superman Krypton Coaster,168.0,70.0,4025.0,6,https://rcdb.com/605.htm
Six Flags,Six Flags Fiesta Texas,Chupacabra,105.0,50.0,2693.0,5,https://rcdb.com/3976.htm
Six Flags,Six Flags Fiesta Texas,Boomerang Coast to Coaster,116.5,47.0,935.0,3,https://rcdb.com/529.htm
Six Flags,Six Flags Fiesta Texas,Dr. Diabolical's Cliffhanger,150.0,60.0,2501.0,2,https://rcdb.com/19495.htm
Six Flags,Six Flags Fiesta Texas,Wonder Woman Golden Lasso Coaster,113.0,52.0,1800.0,3,https://rcdb.com/15368.htm
Six Flags,Six Flags Fiesta Texas,Road Runner Express,73.0,35.0,2400.0,0,https://rcdb.com/265.htm
Six Flags,Six Flags Fiesta Texas,Pandemonium,48.0,31.0,1351.0,0,https://rcdb.com/3751.htm
Six Flags,Six Flags Fiesta Texas,Batman The Ride,120.0,38.0,1019.0,0,https://rcdb.com/12283.htm
Six Flags,Six Flags Fiesta Texas,Iron Rattler,179.0,70.0,3266.0,1,https://rcdb.com/11663.htm
Six Flags,Six Flags Fiesta Texas,Poltergeist,78.8,60.0,2705.0,4,https://rcdb.com/528.htm
Six Flags,Six Flags Over Georgia,Georgia Gold Rusher,144.0,60.0,590.0,0,https://rcdb.com/21112.htm
Six Flags,Six Flags Over Georgia,Georgia Scorcher,107.0,54.0,3000.0,2,https://rcdb.com/556.htm
Six Flags,Six Flags Over Georgia,Blue Hawk,122.0,52.0,2739.5,5,https://rcdb.com/40.htm
Six Flags,Six Flags Over Georgia,Twisted Cyclone,100.0,50.0,2400.0,3,https://rcdb.com/15457.htm
Six Flags,Six Flags Over Georgia,Dahlonega Mine Train,37.0,29.0,2327.0,0,https://rcdb.com/42.htm
Six Flags,Six Flags Over Georgia,Dare Devil Dive,95.0,52.0,2099.0,3,https://rcdb.com/9430.htm
Six Flags,Six Flags Over Georgia,Joker Funhouse Coaster,,30.0,900.0,0,https://rcdb.com/2655.htm
Six Flags,Six Flags Over Georgia,Riddler Mindbender,80.0,50.0,3253.0,2,https://rcdb.com/37.htm
Six Flags,Six Flags Over Georgia,Superman - Ultimate Flight,106.0,51.0,2759.0,2,https://rcdb.com/1568.htm
Six Flags,Six Flags Over Georgia,Batman The Ride,105.0,50.0,2700.0,5,https://rcdb.com/421.htm
Six Flags,Six Flags Over Georgia,Goliath,200.0,70.0,4480.0,0,https://rcdb.com/3290.htm
Six Flags,Six Flags Over Georgia,Great American Scream Machine,105.0,57.0,3450.0,0,https://rcdb.com/41.htm
Six Flags,Six Flags New England,Wicked Cyclone,109.0,55.0,3320.0,3,https://rcdb.com/1981.htm
Six Flags,Six Flags New England,Catwoman's Whip,26.3,22.4,1181.1,0,https://rcdb.com/630.htm
Six Flags,Six Flags New England,Batman - The Dark Knight,117.8,55.0,2600.0,5,https://rcdb.com/1549.htm
Six Flags,Six Flags New England,Riddler Revenge,109.3,49.7,2260.5,5,https://rcdb.com/429.htm
Six Flags,Six Flags New England,Joker,120.0,38.0,1019.0,0,https://rcdb.com/14189.htm
Six Flags,Six Flags New England,Great Chase,,,,0,https://rcdb.com/183.htm
Six Flags,Six Flags New England,Gotham City Gauntlet Escape from Arkham Asylum,49.3,28.0,1213.9,0,https://rcdb.com/9431.htm
Six Flags,Six Flags New England,Pandemonium,42.0,,,0,https://rcdb.com/3031.htm
Six Flags,Six Flags New England,Thunderbolt,70.0,40.0,2600.0,0,https://rcdb.com/182.htm
Six Flags,Six Flags New England,Flashback,116.5,47.0,935.0,3,https://rcdb.com/629.htm
Six Flags,Six Flags New England,Superman the Ride,208.0,77.0,5400.0,0,https://rcdb.com/628.htm
Six Flags,Six Flags Discovery Kingdom,Cobra,26.3,22.4,1181.1,0,https://rcdb.com/691.htm
Six Flags,Six Flags Discovery Kingdom,Roadrunner Express,13.0,,262.5,0,https://rcdb.com/572.htm
Six Flags,Six Flags Discovery Kingdom,Superman Ultimate Flight,150.0,62.0,863.0,1,https://rcdb.com/10139.htm
Six Flags,Six Flags Discovery Kingdom,Medusa,150.0,65.0,3937.0,7,https://rcdb.com/617.htm
Six Flags,Six Flags Discovery Kingdom,Boomerang,116.5,47.0,935.0,3,https://rcdb.com/357.htm
Six Flags,Six Flags Discovery Kingdom,Flash: Vertical Velocity,150.0,65.0,630.0,1,https://rcdb.com/1143.htm
Six Flags,Six Flags Discovery Kingdom,Batman The Ride,120.0,38.0,1019.0,0,https://rcdb.com/16587.htm
Six Flags,Six Flags Discovery Kingdom,Sidewinder Safari,42.7,29.1,1378.0,0,https://rcdb.com/17660.htm
Six Flags,Six Flags Discovery Kingdom,Kong,109.3,49.7,2260.5,5,https://rcdb.com/163.htm
Six Flags,Six Flags Discovery Kingdom,Joker,100.0,53.0,3200.0,3,https://rcdb.com/13422.htm
Six Flags,Six Flags St. Louis,American Thunder,82.0,48.0,2713.0,0,https://rcdb.com/4045.htm
Six Flags,Six Flags St. Louis,Boomerang,116.5,47.0,935.0,3,https://rcdb.com/10947.htm
Six Flags,Six Flags St. Louis,Boss,122.0,66.3,4631.0,0,https://rcdb.com/616.htm
Six Flags,Six Flags St. Louis,Screamin' Eagle,110.0,62.0,3872.0,0,https://rcdb.com/44.htm
Six Flags,Six Flags St. Louis,Ninja,108.3,54.7,2427.8,4,https://rcdb.com/124.htm
Six Flags,Six Flags St. Louis,Rookie Racer,41.0,27.0,843.0,0,https://rcdb.com/20702.htm
Six Flags,Six Flags St. Louis,Mr. Freeze Reverse Blast,218.0,70.0,1300.0,1,https://rcdb.com/427.htm
Six Flags,Six Flags St. Louis,River King Mine Train,32.0,37.0,2500.0,0,https://rcdb.com/125.htm
Six Flags,Six Flags St. Louis,Pandemonium,48.0,31.0,1351.0,0,https://rcdb.com/3810.htm
Six Flags,Six Flags St. Louis,Batman The Ride,105.0,50.0,2693.0,5,https://rcdb.com/43.htm
Six Flags,Six Flags America,Two-Face: The Flip Side,131.3,50.0,1013.8,3,https://rcdb.com/545.htm
Six Flags,Six Flags America,unknown,96.8,44.0,1421.0,3,https://rcdb.com/3535.htm
Six Flags,Six Flags America,The Great Alonzo's Cannonball Coaster,12.0,,,0,https://rcdb.com/150.htm
Six Flags,Six Flags America,Python,56.0,45.0,635.0,1,https://rcdb.com/152.htm
Six Flags,Six Flags Darien Lake,Viper,121.0,50.0,3100.0,5,https://rcdb.com/224.htm
Six Flags,Six Flags Darien Lake,Tantrum,98.4,52.8,1246.7,3,https://rcdb.com/15603.htm
Six Flags,Six Flags Darien Lake,Hoot N Holler,10.8,16.2,197.5,0,https://rcdb.com/751.htm
Six Flags,Six Flags Darien Lake,Predator,95.0,50.0,3400.0,0,https://rcdb.com/223.htm
Six Flags,Six Flags Darien Lake,Mind Eraser,109.3,49.7,2260.5,5,https://rcdb.com/430.htm
Six Flags,Six Flags Darien Lake,Ride of Steel,208.0,73.0,5400.0,0,https://rcdb.com/541.htm
Six Flags,Six Flags Darien Lake,Moto Coaster,42.7,37.3,1194.2,0,https://rcdb.com/4138.htm
Six Flags,Six Flags Darien Lake,Boomerang,116.5,47.0,935.0,3,https://rcdb.com/490.htm
Six Flags,Six Flags Great Escape,Comet,95.0,55.0,4197.0,0,https://rcdb.com/262.htm
Six Flags,Six Flags Great Escape,Bobcat,55.4,40.0,1412.0,0,https://rcdb.com/21145.htm
Six Flags,Six Flags Great Escape,Canyon Blaster,56.0,45.0,2036.0,0,https://rcdb.com/2214.htm
Six Flags,Six Flags Great Escape,Steamin' Demon,85.0,40.0,1565.0,3,https://rcdb.com/264.htm
Six Flags,Six Flags Great Escape,Frankie's Mine Train,13.0,16.0,262.5,0,https://rcdb.com/3079.htm
Six Flags,Six Flags Great Escape,Flashback,116.5,47.0,935.0,3,https://rcdb.com/431.htm
Six Flags,La Ronde,Vampire,105.0,50.0,2700.2,5,https://rcdb.com/1567.htm
Six Flags,La Ronde,Ednör - L'Attaque,109.3,49.7,2260.5,5,https://rcdb.com/8662.htm
Six Flags,La Ronde,Toboggan Nordique,41.0,11.2,885.8,0,https://rcdb.com/2245.htm
Six Flags,La Ronde,Boomerang,116.5,47.0,935.0,3,https://rcdb.com/187.htm
Six Flags,La Ronde,Monstre,130.9,59.7,3996.1,0,https://rcdb.com/186.htm
Six Flags,La Ronde,Dragon,,,,0,https://rcdb.com/190.htm
Six Flags,La Ronde,Goliath,174.8,68.3,4038.8,0,https://rcdb.com/3385.htm
Six Flags,La Ronde,Marche du Mille-pattes,,,,0,https://rcdb.com/191.htm
Six Flags,Frontier City,Silver Bullet,80.0,47.8,1942.0,1,https://rcdb.com/153.htm
Six Flags,Frontier City,Frankie's Mine Train,,,262.5,0,https://rcdb.com/16589.htm
Six Flags,Frontier City,Wildcat,75.0,46.0,2653.0,0,https://rcdb.com/155.htm
Six Flags,Frontier City,Diamondback,56.0,45.0,635.0,1,https://rcdb.com/586.htm
Six Flags,Frontier City,Steel Lasso,49.0,30.0,967.8,0,https://rcdb.com/4191.htm
Six Flags,Six Flags Mexico,Superman Krypton Coaster,27.9,21.7,679.1,0,https://rcdb.com/359.htm
Six Flags,Six Flags Mexico,Wonder Woman,120.0,38.0,1019.0,0,https://rcdb.com/15460.htm
Six Flags,Six Flags Mexico,Dark Knight,,,1213.0,0,https://rcdb.com/4320.htm
Six Flags,Six Flags Mexico,Batgirl Batarang,116.5,47.0,935.0,3,https://rcdb.com/580.htm
Six Flags,Six Flags Mexico,Joker,53.0,31.0,1351.0,0,https://rcdb.com/10972.htm
Six Flags,Six Flags Mexico,Medusa Steel Coaster,98.0,58.0,3000.0,3,https://rcdb.com/11664.htm
Six Flags,Six Flags Mexico,Batman The Ride,109.3,49.7,2260.5,5,https://rcdb.com/639.htm
Six Flags,Six Flags Mexico,Superman el Último Escape,219.8,74.6,5577.4,0,https://rcdb.com/2829.htm
Six Flags,Six Flags Mexico,Tsunami,26.3,22.4,1181.1,0,https://rcdb.com/358.htm
Six Flags,Six Flags Mexico,Speedway Stunt Coaster,,,,0,https://rcdb.com/22244.htm
Legoland,Legoland California,Dragon,140.091868,28.5,1246.7,0,https://rcdb.com/554.htm
Legoland,Legoland California,Technic Coaster,51.8,35.0,1312.3,0,https://rcdb.com/1144.htm
Legoland,Legoland California,Coastersaurus,18.1,20.5,492.2,0,https://rcdb.com/2614.htm
Legoland,Legoland Florida,Coastersaurus,40.0,32.0,1365.0,0,https://rcdb.com/2746.htm
Legoland,Legoland Florida,Dragon,42.7,28.5,1496.1,0,https://rcdb.com/2737.htm
Legoland,Legoland Florida,Great Lego Race,51.8,35.0,1312.3,0,https://rcdb.com/9526.htm
Legoland,Legoland New York,Dragon's Apprentice,13.1,,262.5,0,https://rcdb.com/17779.htm
Legoland,Legoland New York,Dragon,,,,0,https://rcdb.com/14430.htm
Legoland,Legoland Billund,Dragen,,,,0,https://rcdb.com/1475.htm
Legoland,Legoland Billund,Flying Eagle,36.1,28.6,921.9,0,https://rcdb.com/15488.htm
Legoland,Legoland Billund,Polar X-plorer,62.3,40.4,1633.8,0,https://rcdb.com/10214.htm
Legoland,Legoland Billund,X-treme Racers,51.8,35.0,1312.3,0,https://rcdb.com/1634.htm
Legoland,Legoland Deutschland,Das Große LEGO Rennen,51.8,35.0,1312.3,0,https://rcdb.com/1462.htm
Legoland,Legoland Deutschland,Drachenjagd,18.1,20.5,492.2,0,https://rcdb.com/1683.htm
Legoland,Legoland Deutschland,Feuerdrache,52.5,35.1,1476.4,0,https://rcdb.com/1476.htm
Legoland,Legoland Deutschland,Maximus - Der Flug des Wächters,55.8,33.6,1499.3,2,https://rcdb.com/19912.htm
Legoland,Legoland Dubai,Dragon's Apprentice,,,,0,https://rcdb.com/13663.htm
Legoland,Legoland Dubai,Dragon,52.5,37.3,,0,https://rcdb.com/13463.htm
Legoland,Legoland Windsor,Dragon / ザ・ドラゴン,,35.4,,0,https://rcdb.com/13645.htm
Legoland,Legoland Windsor,Dragon's Apprentice / ドラゴン・アプレンティス,,,,0,https://rcdb.com/13842.htm
Legoland,Legoland Malaysia,Dragon's Apprentice,,,,0,https://rcdb.com/9578.htm
Legoland,Legoland Malaysia,Great Lego Race,,,,0,https://rcdb.com/10365.htm
Legoland,Legoland Malaysia,Dragon,,,,0,https://rcdb.com/9577.htm
Legoland,Legoland Korea,Dragon,,,,0,https://rcdb.com/12559.htm
Legoland,Legoland Korea,Masters of Spinjitzu / 스핀짓주 마스터,,,,0,https://rcdb.com/21756.htm
Legoland,Legoland Shanghai,Dragon's Apprentice / 小龙飞车,,,,0,https://rcdb.com/22205.htm
Legoland,Legoland Shanghai,Big LEGO Coaster / 乐高大飞车,,,,0,https://rcdb.com/22055.htm
Legoland,Legoland Shanghai,Dragon / 飞龙过山车,52.5,37.3,,0,https://rcdb.com/21321.htm
Merlin,Alton Towers,Runaway Mine Train,36.08924,22.4,1000.0,0,https://rcdb.com/800.htm
Merlin,Alton Towers,Nemesis Reborn,42.6,50.0,2349.0,4,https://rcdb.com/776.htm
Merlin,Alton Towers,Spinball Whizzer,55.8,37.28226,1476.4,0,https://rcdb.com/2472.htm
Merlin,Alton Towers,Smiler,98.4252,52.8,3838.6,14,https://rcdb.com/11062.htm
Merlin,Alton Towers,Th13teen,65.6,41.6,2480.3,0,https://rcdb.com/4463.htm
Merlin,Alton Towers,Rita,68.8,61.1,2099.7,0,https://rcdb.com/2787.htm
Merlin,Alton Towers,Wicker Man,,,65.6168,0,https://rcdb.com/15029.htm
Merlin,Alton Towers,Oblivion,65.0,68.0,1222.0,0,https://rcdb.com/777.htm
Merlin,Alton Towers,Galactica,65.6,46.6,2755.9,2,https://rcdb.com/1458.htm
Merlin,Alton Towers,Octonauts Rollercoaster Adventure,22.0,18.6,469.2,0,https://rcdb.com/12592.htm
Merlin,Chessington World of Adventures,Dragon's Fury,50.8,,1706.0,0,https://rcdb.com/2410.htm
Merlin,Chessington World of Adventures,Vampire,68.89764,45.0,2200.0,0,https://rcdb.com/784.htm
Merlin,Chessington World of Adventures,Rattlesnake,49.3,28.0,1213.9,0,https://rcdb.com/785.htm
Merlin,Chessington World of Adventures,Mandrill Mayhem,65.6,44.7,1246.7,1,https://rcdb.com/20349.htm
Merlin,Heide Park Resort,Desert Race,62.3,63.4,2132.5,0,https://rcdb.com/3617.htm
Merlin,Heide Park Resort,Bobbahn,88.6,32.9,3248.0,0,https://rcdb.com/984.htm
Merlin,Heide Park Resort,Big Loop,98.4,39.2,2316.3,4,https://rcdb.com/986.htm
Merlin,Heide Park Resort,Colossos - Kampf der Giganten,164.0,68.4,4409.4,0,https://rcdb.com/988.htm
Merlin,Heide Park Resort,Grottenblitz,19.7,28.0,1213.8,0,https://rcdb.com/985.htm
Merlin,Heide Park Resort,Indy-Blitz,14.8,18.6,413.4,0,https://rcdb.com/4146.htm
Merlin,Heide Park Resort,Toxic Garden,109.3,49.7,2260.5,5,https://rcdb.com/987.htm
Merlin,Heide Park Resort,Krake,134.5,64.0,1561.7,1,https://rcdb.com/9097.htm
Merlin,Heide Park Resort,Flug der Dämonen,131.2,62.1,2532.8,5,https://rcdb.com/6667.htm
Merlin,Gardaland,Ortobruco Tour,,,,0,https://rcdb.com/963.htm
Merlin,Gardaland,Oblivion - The Black Hole,139.4,62.1,1856.9,2,https://rcdb.com/12050.htm
Merlin,Gardaland,Shaman,98.4,43.5,2460.6,4,https://rcdb.com/962.htm
Merlin,Gardaland,Blue Tornado,109.3,49.7,2509.8,5,https://rcdb.com/961.htm
Merlin,Gardaland,Raptor,108.3,55.9,2526.3,3,https://rcdb.com/9309.htm
Merlin,Gardaland,Mammut,45.9,31.1,3264.4,0,https://rcdb.com/3689.htm
Merlin,Gardaland,Dragon Rush,45.9,24.9,,0,https://rcdb.com/13726.htm
Merlin,Thorpe Park,Stealth,205.1,80.0,1312.3,0,https://rcdb.com/3081.htm
Merlin,Thorpe Park,Nemesis Inferno,95.2,47.8,2460.7,4,https://rcdb.com/1747.htm
Merlin,Thorpe Park,Flying Fish,20.7,18.8,767.8,0,https://rcdb.com/847.htm
Merlin,Thorpe Park,Walking Dead - The Ride,41.7,27.7,1312.3,0,https://rcdb.com/846.htm
Merlin,Thorpe Park,Saw - The Ride,100.0,55.0,2362.0,3,https://rcdb.com/4162.htm
Merlin,Thorpe Park,Swarm,127.0,59.0,2543.0,4,https://rcdb.com/9820.htm
Merlin,Thorpe Park,Hyperia,236.0,80.0,3265.7,2,https://rcdb.com/20652.htm
Merlin,Thorpe Park,Colossus,98.4,44.7,2788.7,10,https://rcdb.com/1412.htm
Disney,Magic Kingdom,Barnstormer,30.0,25.0,794.0,0,https://rcdb.com/274.htm
Disney,Magic Kingdom,Space Mountain,90.0,27.0,3196.0,0,https://rcdb.com/267.htm
Disney,Magic Kingdom,Seven Dwarfs Mine Train,41.0,34.0,2001.3,0,https://rcdb.com/9720.htm
Disney,Magic Kingdom,TRON Lightcycle / Run,78.1,59.3,3169.3,0,https://rcdb.com/15286.htm
Disney,EPCOT,Guardians of the Galaxy: Cosmic Rewind,,60.3,5577.4,0,https://rcdb.com/15504.htm
Disney,Hollywood Studios,Rock 'n' Roller Coaster,80.0,57.0,3267.7,3,https://rcdb.com/560.htm
Disney,Hollywood Studios,Slinky Dog Dash,,,,0,https://rcdb.com/13377.htm
Disney,Animal Kingdom,Expedition Everest,112.0,50.0,3884.5,0,https://rcdb.com/2389.htm
Disney,Disneyland,Chip & Dale’s Gadget Coaster,27.9,21.7,679.1,0,https://rcdb.com/295.htm
Disney,Disneyland,Big Thunder Mountain Railroad,50.0,28.0,2671.0,0,https://rcdb.com/202.htm
Disney,Disneyland,Space Mountain,,32.0,3459.0,0,https://rcdb.com/201.htm
Disney,Disneyland,Matterhorn Bobsleds,80.0,27.0,2037.0,0,https://rcdb.com/200.htm
Disney,Disney California Adventure,Goofy's Sky School,,27.0,1200.0,0,https://rcdb.com/732.htm
Disney,Disney California Adventure,Incredicoaster,120.0,55.0,6072.0,1,https://rcdb.com/731.htm
Disney,Disneyland Paris,Indiana Jones et le Temple du Péril,,,1968.5,1,https://rcdb.com/957.htm
Disney,Disneyland Paris,Star Wars Hyperspace Mountain: Rebel Mission,105.0,44.0,2509.8,3,https://rcdb.com/959.htm
Disney,Disneyland Paris,Big Thunder Mountain,72.2,40.4,3953.4,0,https://rcdb.com/956.htm
Disney,Disneyland Paris,"Casey Jr., Le Petit Train du Cirque",,,984.3,0,https://rcdb.com/1835.htm
Disney,Disneyland Paris - Walt Disney Studios Park,Crush's Coaster,,,,0,https://rcdb.com/3306.htm
Disney,Disneyland Paris - Walt Disney Studios Park,Avengers Assemble: Flight Force,80.0,57.0,3267.7,3,https://rcdb.com/1444.htm
Disney,Disneyland Paris - Walt Disney Studios Park,RC Racer,82.0,,269.0,0,https://rcdb.com/1170.htm
Disney,Tokyo Disneyland,Big Thunder Mountain / ビッグサンダー・マウンテン,,,,0,https://rcdb.com/1183.htm
Disney,Tokyo Disneyland,Gadget's Go Coaster / ガジェットのゴーコースター,27.9,21.7,679.1,0,https://rcdb.com/1184.htm
Disney,Tokyo DisneySea,Flounder's Flying Fish Coaster / フランダーのフライングフィッシュコースター,,20.0,787.0,0,https://rcdb.com/1501.htm
Disney,Tokyo DisneySea,Raging Spirits / レイジングスピリッツ,52.5,37.3,1968.5,1,https://rcdb.com/2424.htm
Disney,Shanghai Disneyland,Seven Dwarfs Mine Train / 七个小矮人矿山车,44.3,28.9,2001.3,0,https://rcdb.com/11646.htm
Disney,Shanghai Disneyland,TRON Lightcycle Power Run / 创极速光轮,78.1,59.3,3169.3,0,https://rcdb.com/6615.htm
Disney,Shanghai Disneyland,Rex's Racer / 抱抱龙冲天赛车,91.2,47.0,269.0,0,https://rcdb.com/15163.htm
Disney,Hong Kong Disneyland,Wandering Oaken’s Sliding Sleighs,,,977.7,0,https://rcdb.com/16343.htm
Disney,Hong Kong Disneyland,RC / 冲天遥控车,82.0,,269.0,0,https://rcdb.com/9667.htm
Disney,Hong Kong Disneyland,Hyperspace Mountain / 星战极速穿梭,100.0,,3773.0,0,https://rcdb.com/1975.htm
Disney,Hong Kong Disneyland,Big Grizzly Mountain Runaway Mine Cars / 灰熊山極速礦車,,34.8,3605.6,0,https://rcdb.com/9666.htm
Universal,Universal Studios Florida,Revenge of the Mummy,44.4,40.0,2200.0,0,https://rcdb.com/2232.htm
Universal,Universal Studios Florida,Harry Potter and the Escape from Gringotts,,,,0,https://rcdb.com/11887.htm
Universal,Universal Studios Florida,Trolls Trollercoaster,27.9,21.7,679.2,0,https://rcdb.com/563.htm
Universal,Islands of Adventure,VelociCoaster,155.0,70.0,4700.0,4,https://rcdb.com/6992.htm
Universal,Islands of Adventure,Flight of the Hippogriff,42.7,28.5,1099.1,0,https://rcdb.com/703.htm
Universal,Islands of Adventure,Pteranodon Flyers,,,,0,https://rcdb.com/559.htm
Universal,Islands of Adventure,Incredible Hulk,110.0,67.0,3700.0,7,https://rcdb.com/557.htm
Universal,Islands of Adventure,Hagrid's Magical Creatures Motorbike Adventure,65.0,50.0,5053.0,0,https://rcdb.com/15330.htm
Universal,Epic Universe,Stardust Racers,133.0,62.0,5000.0,1,https://rcdb.com/20549.htm
Universal,Epic Universe,Hiccup's Wing Gliders,,,,0,https://rcdb.com/20550.htm
Universal,Epic Universe,Mine-Cart Madness,,,,0,https://rcdb.com/21380.htm
Universal,Epic Universe,Curse of the Werewolf,,37.0,,0,https://rcdb.com/20551.htm
Universal,Universal Studios Hollywood,Flight of the Hippogriff,,,984.3,0,https://rcdb.com/12812.htm
Universal,Universal Studios Hollywood,Revenge of the Mummy the Ride,44.4,40.0,1906.0,0,https://rcdb.com/2464.htm
Universal,Universal Studios Singapore,Revenge of the Mummy,44.4,40.0,2200.0,0,https://rcdb.com/4327.htm
Universal,Universal Studios Singapore,Puss In Boots’ Giant Journey,56.8,24.9,1404.2,0,https://rcdb.com/12252.htm
Universal,Universal Studios Singapore,Battlestar Galactica,140.1,55.9,3185.7,5,https://rcdb.com/4328.htm
Universal,Universal Studios Singapore,Enchanted Airways,,,1099.1,0,https://rcdb.com/4326.htm
Universal,Universal Studios Singapore,Canopy Flyer,,,,0,https://rcdb.com/8606.htm
Universal,Universal Studios Japan,Hollywood Dream: The Ride / ハリウッド・ドリーム・ザ・ライド,144.3,55.9,3937.0,0,https://rcdb.com/3621.htm
Universal,Universal Studios Japan,Snoopy's Flying Ace Adventure / スヌーピーのフライング・エース・アドベンチャー,,,,0,https://rcdb.com/22973.htm
Universal,Universal Studios Japan,Flying Dinosaur / ザ・フライング・ダイナソー,150.9,62.1,3687.7,5,https://rcdb.com/12959.htm
Universal,Universal Studios Japan,Flight of the Hippogriff / フライト・オブ・ザ・ヒッポグリフ,,,1099.1,0,https://rcdb.com/11885.htm
Universal,Universal Studios Japan,Mine Cart Madness / ドンキーコングのクレイジー・トロッコ,,,,0,https://rcdb.com/19528.htm
Universal,Universal Studios Japan,Space Fantasy - The Ride: Club Zedd Remix,62.3,25.0,1919.3,0,https://rcdb.com/9034.htm
Universal,Universal Studios Beijing,Jurassic Flyers / 飞越侏罗纪,50.5,19.0,1958.7,0,https://rcdb.com/17288.htm
Universal,Universal Studios Beijing,Loop-Dee-Doop-Dee / 萌转过山车,31.2,21.1,761.2,0,https://rcdb.com/18734.htm
Universal,Universal Studios Beijing,Flight of the Hippogriff / 鹰马飞行,40.0,29.1,1017.1,0,https://rcdb.com/17463.htm
Universal,Universal Studios Beijing,Decepticoaster / 霸天虎过山车,121.7,63.8,4150.3,7,https://rcdb.com/17349.htm
United Parks,Busch Gardens Tampa,Kumba,143.0,60.0,3978.0,7,https://rcdb.com/94.htm
United Parks,Busch Gardens Tampa,Air Grover,,,,0,https://rcdb.com/8632.htm
United Parks,Busch Gardens Tampa,Cheetah Hunt,102.0,60.0,4429.0,1,https://rcdb.com/9456.htm
United Parks,Busch Gardens Tampa,Cobra's Curse,70.0,40.0,2100.0,0,https://rcdb.com/12781.htm
United Parks,Busch Gardens Tampa,Iron Gwazi,206.0,76.0,4075.0,2,https://rcdb.com/16985.htm
United Parks,Busch Gardens Tampa,Phoenix Rising,80.0,44.0,1831.0,0,https://rcdb.com/21221.htm
United Parks,Busch Gardens Tampa,Tigris,150.0,62.0,863.0,1,https://rcdb.com/16607.htm
United Parks,Busch Gardens Tampa,Montu,150.0,60.0,3983.0,7,https://rcdb.com/87.htm
United Parks,Busch Gardens Tampa,SheiKra,200.0,70.0,3188.0,1,https://rcdb.com/2662.htm
United Parks,Busch Gardens Williamsburg,Loch Ness Monster,130.0,60.0,3240.0,2,https://rcdb.com/110.htm
United Parks,Busch Gardens Williamsburg,Verbolten,88.0,53.0,2835.0,0,https://rcdb.com/9463.htm
United Parks,Busch Gardens Williamsburg,Big Bad Wolf: The Wolf’s Revenge,,40.0,2583.0,0,https://rcdb.com/22111.htm
United Parks,Busch Gardens Williamsburg,Apollo's Chariot,170.0,73.0,4882.0,0,https://rcdb.com/531.htm
United Parks,Busch Gardens Williamsburg,InvadR,51.0,48.0,2118.0,0,https://rcdb.com/8027.htm
United Parks,Busch Gardens Williamsburg,Alpengeist,195.0,67.0,3828.0,6,https://rcdb.com/277.htm
United Parks,Busch Gardens Williamsburg,Griffon,205.0,71.0,3108.0,2,https://rcdb.com/3631.htm
United Parks,Busch Gardens Williamsburg,Pantheon,178.0,73.0,3328.0,2,https://rcdb.com/16812.htm
United Parks,Busch Gardens Williamsburg,DarKoaster,37.0,36.0,1384.5,0,https://rcdb.com/7706.htm
United Parks,Busch Gardens Williamsburg,Grover's Alpine Express,24.0,,600.0,0,https://rcdb.com/4282.htm
United Parks,Busch Gardens Williamsburg,Tempesto,150.0,62.0,863.0,1,https://rcdb.com/12277.htm
United Parks,SeaWorld Orlando,Kraken,149.0,65.0,4177.0,7,https://rcdb.com/581.htm
United Parks,SeaWorld Orlando,Pipeline: The Surf Coaster,110.0,60.0,2950.0,1,https://rcdb.com/20042.htm
United Parks,SeaWorld Orlando,Penguin Trek,65.0,43.0,3020.0,0,https://rcdb.com/21034.htm
United Parks,SeaWorld Orlando,Ice Breaker,93.0,52.0,1900.0,0,https://rcdb.com/17420.htm
United Parks,SeaWorld Orlando,Super Grover's Box Car Derby,,,,0,https://rcdb.com/3340.htm
United Parks,SeaWorld Orlando,Journey to Atlantis,100.0,40.0,1800.0,0,https://rcdb.com/1904.htm
United Parks,SeaWorld Orlando,Manta,140.0,56.0,3359.0,4,https://rcdb.com/4190.htm
United Parks,SeaWorld Orlando,Mako,200.0,73.0,4760.0,0,https://rcdb.com/12758.htm
United Parks,SeaWorld San Antonio,Texas Stingray,96.0,55.0,3379.0,0,https://rcdb.com/17278.htm
United Parks,SeaWorld San Antonio,Wave Breaker: The Rescue Coaster,61.0,44.0,2600.0,0,https://rcdb.com/14302.htm
United Parks,SeaWorld San Antonio,Great White,108.0,50.0,2562.0,5,https://rcdb.com/278.htm
United Parks,SeaWorld San Antonio,Steel Eel,150.0,65.0,3700.0,0,https://rcdb.com/532.htm
United Parks,SeaWorld San Antonio,Beach Rescue Racer,,,1300.0,0,https://rcdb.com/21785.htm
United Parks,SeaWorld San Antonio,Journey to Atlantis,100.0,,,0,https://rcdb.com/3635.htm
United Parks,SeaWorld San Diego,Emperor,153.0,60.0,2411.0,3,https://rcdb.com/17030.htm
United Parks,SeaWorld San Diego,Manta,30.0,43.0,2800.0,0,https://rcdb.com/9819.htm
United Parks,SeaWorld San Diego,Arctic Rescue,30.0,40.0,2800.0,0,https://rcdb.com/20275.htm
United Parks,SeaWorld San Diego,Electric Eel,150.0,62.0,863.0,1,https://rcdb.com/14683.htm
United Parks,SeaWorld San Diego,Journey to Atlantis,95.0,42.0,,0,https://rcdb.com/2079.htm
Herschend,Adventureland,Phoenix,50.9,37.3,1410.8,0,https://rcdb.com/16885.htm
Herschend,Adventureland,Outlaw,67.0,48.0,2800.0,0,https://rcdb.com/214.htm
Herschend,Adventureland,Flying Viking,50.0,26.1,1312.3,0,https://rcdb.com/20336.htm
Herschend,Adventureland,Underground,15.0,,911.0,0,https://rcdb.com/215.htm
Herschend,Adventureland,Dragon Slayer,112.0,34.0,770.0,0,https://rcdb.com/18398.htm
Herschend,Adventureland,Tornado,93.0,58.0,2840.0,0,https://rcdb.com/212.htm
Herschend,Adventureland,Monster,133.0,65.0,2500.0,5,https://rcdb.com/12896.htm
Herschend,Dollywood,Mystery Mine,85.3,43.5,1804.5,2,https://rcdb.com/3609.htm
Herschend,Dollywood,Whistle Punk Chaser,,,,0,https://rcdb.com/14382.htm
Herschend,Dollywood,Blazing Fury,22.0,22.0,1520.0,0,https://rcdb.com/501.htm
Herschend,Dollywood,Big Bear Mountain,66.0,48.0,3990.0,0,https://rcdb.com/20328.htm
Herschend,Dollywood,Lightning Rod,80.0,73.0,3800.0,0,https://rcdb.com/13369.htm
Herschend,Dollywood,Dragonflier,,,1486.2,0,https://rcdb.com/16124.htm
Herschend,Dollywood,Wild Eagle,210.0,61.0,3127.0,4,https://rcdb.com/10148.htm
Herschend,Dollywood,Thunderhead,100.4,53.7,3230.0,0,https://rcdb.com/2451.htm
Herschend,Dollywood,FireChaser Express,78.0,34.5,2427.0,0,https://rcdb.com/6691.htm
Herschend,Dollywood,Tennessee Tornado,163.0,63.0,2682.0,3,https://rcdb.com/534.htm
Herschend,Kennywood,Racer,72.5,40.0,4500.0,0,https://rcdb.com/121.htm
Herschend,Kennywood,Sky Rocket,95.0,50.0,2100.0,3,https://rcdb.com/8612.htm
Herschend,Kennywood,Jack Rabbit,40.0,45.0,2132.0,0,https://rcdb.com/120.htm
Herschend,Kennywood,Thunderbolt,70.0,55.0,3250.0,0,https://rcdb.com/122.htm
Herschend,Kennywood,Exterminator,42.7,29.1,1377.9,0,https://rcdb.com/538.htm
Herschend,Kennywood,Phantom's Revenge,160.0,85.0,3200.0,0,https://rcdb.com/123.htm
Herschend,Kennywood,Steel Curtain,220.0,75.0,4000.0,8,https://rcdb.com/16479.htm
Herschend,Kennywood,Lil' Phantom,,,,0,https://rcdb.com/426.htm
Herschend,Kentucky Kingdom,Lightning Run,,55.0,2500.0,0,https://rcdb.com/7982.htm
Herschend,Kentucky Kingdom,Woodland Run,90.0,53.0,2850.0,0,https://rcdb.com/173.htm
Herschend,Kentucky Kingdom,Hollyhock and Roll,27.9,21.7,679.1,0,https://rcdb.com/172.htm
Herschend,Kentucky Kingdom,Kentucky Flyer,47.0,35.0,1288.0,0,https://rcdb.com/16676.htm
Herschend,Kentucky Kingdom,Wind Chaser,100.0,52.0,2744.0,2,https://rcdb.com/12941.htm
Herschend,Lake Compounce,Zoomerang,116.5,47.0,935.0,3,https://rcdb.com/432.htm
Herschend,Lake Compounce,Wildcat,85.0,48.0,2746.0,0,https://rcdb.com/420.htm
Herschend,Lake Compounce,Boulder Dash,110.0,60.0,4725.0,0,https://rcdb.com/602.htm
Herschend,Lake Compounce,Phobia Phear Coaster,150.0,62.0,863.0,1,https://rcdb.com/12897.htm
Herschend,Lake Compounce,Kiddie Coaster,,,,0,https://rcdb.com/603.htm
Herschend,Silver Dollar City,Powder Keg: A Blast in the Wilderness,98.0,64.0,3506.0,0,https://rcdb.com/1903.htm
Herschend,Silver Dollar City,Time Traveler,100.0,50.3,3020.0,3,https://rcdb.com/15168.htm
Herschend,Silver Dollar City,Outlaw Run,107.0,68.0,2937.0,3,https://rcdb.com/10582.htm
Herschend,Silver Dollar City,Wildfire,120.0,66.0,3073.0,5,https://rcdb.com/720.htm
Herschend,Silver Dollar City,Thunderation,81.0,48.0,3022.0,0,https://rcdb.com/220.htm
Herschend,Silver Dollar City,Grand Exposition Coaster,13.0,20.0,262.0,0,https://rcdb.com/3401.htm
Herschend,Silver Dollar City,Fire In The Hole,,26.0,1512.0,0,https://rcdb.com/21093.htm
Herschend,Wild Adventures,Twisted Typhoon,109.3,49.7,2260.5,5,https://rcdb.com/561.htm
Herschend,Wild Adventures,Swamp Thing,48.6,26.0,1122.0,0,https://rcdb.com/1572.htm
Herschend,Wild Adventures,Swampwater Snake,8.0,,262.0,0,https://rcdb.com/16612.htm
Herschend,Wild Adventures,Boomerang,116.5,47.0,935.0,3,https://rcdb.com/500.htm
Herschend,Wild Adventures,Marsh Mayhem,49.3,28.0,1213.9,0,https://rcdb.com/707.htm
Herschend,Wild Adventures,Outpost Express,27.9,21.7,679.1,0,https://rcdb.com/706.htm
Parques Reunidos,Bobbejaanland,Oki Doki,53.5,36.0,1430.4,0,https://rcdb.com/2228.htm
Parques Reunidos,Bobbejaanland,Typhoon,84.3,49.7,2198.2,4,https://rcdb.com/2229.htm
Parques Reunidos,Bobbejaanland,Naga Bay,55.8,34.2,1410.8,0,https://rcdb.com/9331.htm
Parques Reunidos,Bobbejaanland,Dreamcatcher,82.0,,1968.5,0,https://rcdb.com/915.htm
Parques Reunidos,Bobbejaanland,Bob Express,32.8,22.4,1709.3,0,https://rcdb.com/919.htm
Parques Reunidos,Bobbejaanland,Speedy Bob,45.9,28.0,1213.9,0,https://rcdb.com/2557.htm
Parques Reunidos,Bobbejaanland,Revolution,60.8,31.1,2362.2,0,https://rcdb.com/917.htm
Parques Reunidos,Bobbejaanland,Fury,141.1,66.2,1968.5,2,https://rcdb.com/16110.htm
Parques Reunidos,MoviePark Germany,Iron Claw,109.3,49.7,2260.5,5,https://rcdb.com/969.htm
Parques Reunidos,MoviePark Germany,Jimmy Neutron's Atomic Flyer,42.7,,967.8,0,https://rcdb.com/3675.htm
Parques Reunidos,MoviePark Germany,Bandit,91.2,49.7,3605.7,0,https://rcdb.com/967.htm
Parques Reunidos,MoviePark Germany,Studio Tour,39.4,37.3,1745.4,0,https://rcdb.com/18666.htm
Parques Reunidos,MoviePark Germany,Backyardigans: Mission to Mars,27.9,21.7,679.1,0,https://rcdb.com/968.htm
Parques Reunidos,MoviePark Germany,Van Helsing's Factory,26.3,22.4,1312.3,0,https://rcdb.com/9539.htm
Parques Reunidos,MoviePark Germany,Ghost Chasers,45.9,28.0,1213.9,0,https://rcdb.com/966.htm
Parques Reunidos,MoviePark Germany,Star Trek: Operation Enterprise,131.2336,55.9,2362.2,3,https://rcdb.com/13796.htm
Parques Reunidos,Mirabilandia,Rexplorer,,21.8,820.3,0,https://rcdb.com/768.htm
Parques Reunidos,Mirabilandia,Master Thai,,,,0,https://rcdb.com/9481.htm
Parques Reunidos,Mirabilandia,Gold Digger,47.6,,1183.4,0,https://rcdb.com/765.htm
Parques Reunidos,Mirabilandia,PAW Patrol To The Rescue,19.7,21.3,442.9,0,https://rcdb.com/2981.htm
Parques Reunidos,Mirabilandia,iSpeed,180.4,68.4,3215.2,2,https://rcdb.com/4147.htm
Parques Reunidos,Mirabilandia,Divertical,164.0,59.0,2516.4,0,https://rcdb.com/10393.htm
Parques Reunidos,Mirabilandia,Desmo Race,72.2,49.7,1722.4,0,https://rcdb.com/15717.htm
Parques Reunidos,Mirabilandia,Cowabunga Carts,,,,0,https://rcdb.com/21928.htm
Parques Reunidos,Mirabilandia,Katun,164.0,64.6,3937.0,6,https://rcdb.com/764.htm
Parques Reunidos,Parque de Atracciones,Tornado,98.0,49.7,2624.7,3,https://rcdb.com/1101.htm
Parques Reunidos,Parque de Atracciones,Paw Patrol: Patrulla Canina,13.0,,262.5,0,https://rcdb.com/3848.htm
Parques Reunidos,Parque de Atracciones,Abismo,151.6,65.2,1476.4,2,https://rcdb.com/3185.htm
Parques Reunidos,Parque de Atracciones,TNT Tren de la Mina,55.8,35.0,1476.4,0,https://rcdb.com/10402.htm
Parques Reunidos,Parque de Atracciones,Padrinos Voladores,20.3,7.8,360.9,0,https://rcdb.com/3922.htm
Parques Reunidos,Parque de Atracciones,Tarántula,83.7,42.3,2066.9,0,https://rcdb.com/2924.htm
Parques Reunidos,Parque Warner Madrid,Shadows of Arkham,105.0,49.7,2700.2,5,https://rcdb.com/1365.htm
Parques Reunidos,Parque Warner Madrid,Batman Gotham City Escape,147.6,64.0,3313.6,4,https://rcdb.com/20019.htm
Parques Reunidos,Parque Warner Madrid,Superman / la Atracción de Acero,164.1,62.1,3608.9,7,https://rcdb.com/1366.htm
Parques Reunidos,Parque Warner Madrid,"Correcaminos Bip, Bip",52.5,37.3,1574.8,0,https://rcdb.com/3520.htm
Parques Reunidos,Parque Warner Madrid,Coaster Express,120.0,59.0,4574.0,0,https://rcdb.com/1368.htm
Parques Reunidos,Parque Warner Madrid,Stunt Fall,177.2,61.5,1204.1,3,https://rcdb.com/1369.htm
Parques Reunidos,Parque Warner Madrid,Tom y Jerry,26.3,22.4,1181.1,0,https://rcdb.com/1367.htm
Parques Reunidos,TusenFryd,Thundercoaster,,57.8,3116.8,0,https://rcdb.com/1042.htm
Parques Reunidos,TusenFryd,HuriHuri,18.0,15.5,403.5,0,https://rcdb.com/20000.htm
Parques Reunidos,TusenFryd,SuperSplash,95.2,46.6,1049.8,0,https://rcdb.com/1900.htm
Parques Reunidos,TusenFryd,Storm - The Dragon Legend,109.9,59.0,1181.1,3,https://rcdb.com/20266.htm
Parques Reunidos,TusenFryd,Speed Monster,101.8,55.9,2263.8,3,https://rcdb.com/3245.htm
Parques Reunidos,TusenFryd,Western-Expressen,42.7,28.5,1099.1,0,https://rcdb.com/10448.htm
Parques Reunidos,TusenFryd,Loopen,68.9,43.5,1509.2,2,https://rcdb.com/1043.htm
Other,Efteling,Vogel Rok,65.6,40.4,2460.6,0,https://rcdb.com/900.htm
Other,Efteling,Baron 1898,98.4,55.9,1643.7,2,https://rcdb.com/12083.htm
Other,Efteling,Python,95.0,46.6,2460.6,4,https://rcdb.com/897.htm
Other,Efteling,Vliegende Hollander,73.8,43.5,1377.9,0,https://rcdb.com/3291.htm
Other,Efteling,Max + Moritz,19.7,22.4,984.3,0,https://rcdb.com/16697.htm
Other,Efteling,Joris en de Draak,72.4,46.6,2585.0,0,https://rcdb.com/4526.htm
Other,Nagashima Spa Land,Ultra Twister / ウルトラツイスター,,,,3,https://rcdb.com/15562.htm
Other,Nagashima Spa Land,Peter Rabbit Coaster / ピーターラビットコースター,14.1,15.5,502.0,0,https://rcdb.com/10873.htm
Other,Nagashima Spa Land,Corkscrew / コークスクリュー,,,1279.5,2,https://rcdb.com/15561.htm
Other,Nagashima Spa Land,Children Coaster / チルドレンコースター,19.7,19.9,652.9,0,https://rcdb.com/1181.htm
Other,Nagashima Spa Land,Shuttle Loop / シャトルループ,137.8,57.0,863.0,1,https://rcdb.com/1177.htm
Other,Nagashima Spa Land,Hakugei / 白鯨,180.4,66.5,5019.7,3,https://rcdb.com/15515.htm
Other,Nagashima Spa Land,Looping Star / ルーピングスター,80.4,47.8,1942.3,1,https://rcdb.com/1178.htm
Other,Nagashima Spa Land,Arashi / 嵐,120.0,38.0,1019.0,0,https://rcdb.com/14052.htm
Other,Nagashima Spa Land,Wild Mouse / ワイルドマウス,45.9,28.0,1213.9,0,https://rcdb.com/1176.htm
Other,Nagashima Spa Land,Acrobat / アクロバット,141.1,55.9,3349.8,4,https://rcdb.com/12272.htm
Other,Nagashima Spa Land,Jet Coaster / ジェットコースター,,,,0,https://rcdb.com/1180.htm
Other,Nagashima Spa Land,Steel Dragon 2000 / スチールドラゴン2000,318.2,95.0,8133.2,0,https://rcdb.com/1173.htm
Other,Nagashima Spa Land,Wild Mouse / ワイルドマウス,45.9,28.0,1213.9,0,https://rcdb.com/2558.htm
Other,Europa Park,Schweizer Bobbahn,62.3,31.1,1597.8,0,https://rcdb.com/974.htm
Other,Europa Park,Matterhorn Blitz,52.5,35.0,1256.6,0,https://rcdb.com/971.htm
Other,Europa Park,Arthur,44.3,19.3,1656.8,0,https://rcdb.com/11114.htm
Other,Europa Park,Atlantica SuperSplash,98.4,49.7,1279.5,0,https://rcdb.com/2928.htm
Other,Europa Park,Voltron,106.6,62.1,4544.0,7,https://rcdb.com/7121.htm
Other,Europa Park,Wodan Timbur Coaster,131.2,62.1,3444.9,0,https://rcdb.com/10018.htm
Other,Europa Park,Poseidon,75.5,43.5,2742.8,0,https://rcdb.com/1891.htm
Other,Europa Park,Alpenexpress Enzian,,,,0,https://rcdb.com/21331.htm
Other,Europa Park,Silver Star,239.5,78.9,5315.0,0,https://rcdb.com/1414.htm
Other,Europa Park,Euro Mir,92.0,49.7,3215.3,0,https://rcdb.com/972.htm
Other,Europa Park,Ba-a-a-Express,9.8,,219.8,0,https://rcdb.com/13654.htm
Other,Europa Park,Eurosat - CanCan Coaster,83.7,37.3,3024.8,0,https://rcdb.com/973.htm
Other,Europa Park,Pegasus,42.7,40.4,1312.3,0,https://rcdb.com/3403.htm
Other,Europa Park,blue fire Megacoaster,124.7,62.1,3464.5,4,https://rcdb.com/4074.htm
Other,Port Adventura,Stampida,84.0,46.0,3127.0,0,https://rcdb.com/759.htm
Other,Port Adventura,Tami-Tami,27.9,21.7,679.1,0,https://rcdb.com/763.htm
Other,Port Adventura,Dragon Khan,148.0,65.0,4165.0,8,https://rcdb.com/760.htm
Other,Port Adventura,Tomahawk,44.0,30.0,1444.0,0,https://rcdb.com/761.htm
Other,Port Adventura,Shambhala,249.3,83.3,5131.3,0,https://rcdb.com/10239.htm
Other,Port Adventura,Diablo - Tren de la Mina,54.0,,3306.0,0,https://rcdb.com/762.htm
Other,Port Adventura,Furius Baco,,83.9,2788.8,1,https://rcdb.com/3430.htm
Other,Port Adventura,Uncharted: The Enigma of Penitence,39.4,,2296.6,0,https://rcdb.com/20465.htm
Other,Phantasialand,Colorado Adventure,85.3,31.1,4199.5,0,https://rcdb.com/978.htm
Other,Phantasialand,Black Mamba,85.3,49.7,2519.7,4,https://rcdb.com/3117.htm
Other,Phantasialand,F.L.Y.,64.0,48.5,4048.6,2,https://rcdb.com/15201.htm
Other,Phantasialand,Taron,98.4,72.7,4330.8,0,https://rcdb.com/12723.htm
Other,Phantasialand,Crazy Bats,38.4,28.9,3855.0,0,https://rcdb.com/980.htm
Other,Phantasialand,Winjas,57.1,37.3,1345.1,0,https://rcdb.com/1235.htm
Other,Phantasialand,Raik,82.0,38.5,685.7,0,https://rcdb.com/13689.htm
Other,Nickelodeon Universe,Timmy's Half-Pipe Havoc,,,,0,https://rcdb.com/16794.htm
Other,Nickelodeon Universe,TMNT Shellraiser,141.0,62.1,3280.8,7,https://rcdb.com/15594.htm
Other,Nickelodeon Universe,Nickelodeon Slime Streak,70.0,37.0,1263.0,0,https://rcdb.com/16775.htm
Other,Nickelodeon Universe,Sandy’s Blasting Bronco,85.3,47.8,1607.6,4,https://rcdb.com/16793.htm
Other,Nickelodeon Universe,Shredder,85.0,36.0,2247.0,0,https://rcdb.com/15600.htm
Other,Fuji-Q Highland,Fujiyama / フジヤマ,259.2,80.8,6708.7,0,https://rcdb.com/1190.htm
Other,Fuji-Q Highland,Voyage Dans Le Ciel / リサとガスパールのそらたびにっき,75.5,31.1,1574.8,0,https://rcdb.com/1193.htm
Other,Fuji-Q Highland,Zokkon / ぞっこん,,45.4,3937.0,0,https://rcdb.com/16186.htm
Other,Fuji-Q Highland,Eejanaika / ええじゃないか,249.3,78.3,3782.8,3,https://rcdb.com/3254.htm
Other,Fuji-Q Highland,Takabisha / 高飛車,141.0,62.1,3280.8,7,https://rcdb.com/9795.htm
Other,Fuji-Q Highland,Nia and Animal Coaster / ニアとアニマルコースター,,11.2,262.5,0,https://rcdb.com/1503.htm
Other,Energylandia,Viking Roller Coaster,36.1,26.7,1017.1,0,https://rcdb.com/12262.htm
Other,Energylandia,Frutti Loop Coaster,,,,0,https://rcdb.com/12071.htm
Other,Energylandia,Zadra,206.0,75.2,4317.6,3,https://rcdb.com/16184.htm
Other,Energylandia,Roller Coaster Mayan,109.3,49.7,2260.5,5,https://rcdb.com/12263.htm
Other,Energylandia,Circus Coaster,,,,0,https://rcdb.com/14350.htm
Other,Energylandia,Choco Chip Creek,54.1,34.2,3937.0,0,https://rcdb.com/17766.htm
Other,Energylandia,Dragon Roller Coaster,63.3,47.0,1486.2,0,https://rcdb.com/12264.htm
Other,Energylandia,Energuś,42.7,28.5,1099.1,0,https://rcdb.com/12070.htm
Other,Energylandia,Hyperion,252.6,88.2,4757.2,1,https://rcdb.com/14462.htm
Other,Energylandia,Abyssus,126.3,62.1,4317.6,4,https://rcdb.com/17412.htm
Other,Energylandia,Light Explorers,79.4,37.3,780.8,0,https://rcdb.com/18210.htm
Other,Energylandia,Boomerang,75.5,37.3,672.6,0,https://rcdb.com/14192.htm
Other,Energylandia,Draken,,,,0,https://rcdb.com/16722.htm
Other,Energylandia,Happy Loops,23.0,18.6,370.8,0,https://rcdb.com/15003.htm
Other,Energylandia,Formuła,81.4,49.2,1837.3,3,https://rcdb.com/12362.htm
Other,Energylandia,Frida,42.7,27.7,810.4,0,https://rcdb.com/17207.htm
Other,Energylandia,Honey Harbour,38.4,28.6,833.3,0,https://rcdb.com/19656.htm
Other,Energylandia,Speed,164.0,62.8,2253.9,0,https://rcdb.com/14352.htm
Other,Energylandia,Mars,19.7,,393.7,0,https://rcdb.com/12572.htm
Other,Liseberg,Helix,134.5,62.1,4530.8,7,https://rcdb.com/11048.htm
Other,Liseberg,Valkyria,154.2,65.2,2296.6,3,https://rcdb.com/14301.htm
Other,Liseberg,Luna,109.9,42.3,794.0,0,https://rcdb.com/19785.htm
Other,Liseberg,Stampbanan,10.8,12.3,176.5,0,https://rcdb.com/10779.htm
Other,Liseberg,Rabalder,29.5,24.2,728.3,0,https://rcdb.com/4354.htm
Other,Liseberg,Lisebergbanan,147.7,49.7,4397.0,0,https://rcdb.com/1061.htm
Other,Liseberg,Balder,118.1,55.9,3510.5,0,https://rcdb.com/1562.htm
Other,Hersheypark,Sooperdooperlooper,57.0,45.0,2614.0,1,https://rcdb.com/108.htm
Other,Hersheypark,Jolly Rancher Remix,116.5,47.0,935.0,3,https://rcdb.com/109.htm
Other,Hersheypark,Candymonium,210.0,76.0,4636.0,0,https://rcdb.com/16682.htm
Other,Hersheypark,Comet,84.0,50.0,3360.0,0,https://rcdb.com/106.htm
Other,Hersheypark,Skyrush,200.0,75.0,3600.0,0,https://rcdb.com/10089.htm
Other,Hersheypark,Trailblazer,,,,0,https://rcdb.com/107.htm
Other,Hersheypark,Fahrenheit,121.0,58.0,2700.0,6,https://rcdb.com/4049.htm
Other,Hersheypark,Lightning Racer,91.6,51.1,3393.0,0,https://rcdb.com/597.htm
Other,Hersheypark,Wild Mouse,45.9,28.0,1213.9,0,https://rcdb.com/539.htm
Other,Hersheypark,Laff Trakk,51.0,40.0,1400.0,0,https://rcdb.com/12270.htm
Other,Hersheypark,Storm Runner,150.0,72.0,2600.0,3,https://rcdb.com/2498.htm
Other,Hersheypark,Wildcat's Revenge,140.0,62.0,3510.0,4,https://rcdb.com/20462.htm
Other,Hersheypark,Great Bear,90.0,58.0,2800.0,4,https://rcdb.com/468.htm
Other,Hersheypark,Cocoa Cruiser,,,,0,https://rcdb.com/11833.htm
Other,Holiday World,Thunderbird,140.0,60.0,3035.0,4,https://rcdb.com/12260.htm
Other,Holiday World,Good Gravy!,77.0,37.0,721.8,0,https://rcdb.com/21070.htm
Other,Holiday World,Raven,80.0,48.0,2800.0,0,https://rcdb.com/136.htm
Other,Holiday World,Howler,13.0,,262.5,0,https://rcdb.com/555.htm
Other,Holiday World,Legend,99.0,59.0,4042.0,0,https://rcdb.com/582.htm
Other,Holiday World,Voyage,159.0,67.0,6442.0,0,https://rcdb.com/3231.htm
Other,Silverwood,Timber Terror,85.0,55.0,2700.0,0,https://rcdb.com/176.htm
Other,Silverwood,Corkscrew,70.0,46.0,1250.0,2,https://rcdb.com/178.htm
Other,Silverwood,Stunt Pilot,105.0,52.0,1800.0,3,https://rcdb.com/18691.htm
Other,Silverwood,Aftershock,177.2,61.5,1204.1,3,https://rcdb.com/4155.htm
Other,Silverwood,Tiny Toot,,,,0,https://rcdb.com/549.htm
Other,Silverwood,Krazy Koaster,14.0,,190.0,0,https://rcdb.com/11938.htm
Other,Silverwood,Tremors,85.0,50.0,3158.0,0,https://rcdb.com/550.htm
Other,Lagoon,Roller Coaster,62.0,45.0,2500.0,0,https://rcdb.com/196.htm
Other,Lagoon,Cannibal,197.0,72.0,2759.0,3,https://rcdb.com/11579.htm
Other,Lagoon,Spider,50.8,37.3,1391.1,0,https://rcdb.com/2164.htm
Other,Lagoon,Primordial,85.3,40.4,1984.9,0,https://rcdb.com/17035.htm
Other,Lagoon,Wicked,110.0,55.0,2050.5,1,https://rcdb.com/3534.htm
Other,Lagoon,Puff the Little Fire Dragon,10.8,16.2,197.5,0,https://rcdb.com/199.htm
Other,Lagoon,Colossus the Fire Dragon,86.9,49.1,2296.6,2,https://rcdb.com/197.htm
Other,Lagoon,Bombora,45.0,31.0,1040.0,0,https://rcdb.com/9223.htm
Other,Lagoon,Bat,48.6,26.0,1122.0,0,https://rcdb.com/2954.htm
Other,Lagoon,Wild Mouse,49.3,28.0,1213.9,0,https://rcdb.com/507.htm
Other,Knoebels,Phoenix,78.0,45.0,3200.0,0,https://rcdb.com/143.htm
Other,Knoebels,Flying Turns,50.0,24.0,1300.0,0,https://rcdb.com/3458.htm
Other,Knoebels,Impulse,98.0,55.0,1975.0,4,https://rcdb.com/12000.htm
Other,Knoebels,Black Diamond,35.0,,,0,https://rcdb.com/4454.htm
Other,Knoebels,Kozmo's Kurves,,,,0,https://rcdb.com/4453.htm
Other,Knoebels,Twister,101.6,51.5,3900.0,0,https://rcdb.com/546.htm
Other,Mt. Olympus Water & Theme Park,Cyclops,70.0,58.0,1900.0,0,https://rcdb.com/161.htm
Other,Mt. Olympus Water & Theme Park,Hades 360,136.0,60.0,4746.0,1,https://rcdb.com/2667.htm
Other,Mt. Olympus Water & Theme Park,Pegasus,60.0,,,0,https://rcdb.com/279.htm
Other,Mt. Olympus Water & Theme Park,Zeus,90.0,60.0,2900.0,0,https://rcdb.com/280.htm
Other,Mt. Olympus Water & Theme Park,Little Titans,16.0,,416.0,0,https://rcdb.com/711.htm
Other,Pleasure Beach Blackpool,Avalanche,,,1490.0,0,https://rcdb.com/789.htm
Other,Pleasure Beach Blackpool,Nickelodeon Streak,61.0,35.0,2293.0,0,https://rcdb.com/793.htm
Other,Pleasure Beach Blackpool,Big Dipper,60.0,,3300.0,0,https://rcdb.com/790.htm
Other,Pleasure Beach Blackpool,Blue Flyer,,,1099.1,0,https://rcdb.com/797.htm
Other,Pleasure Beach Blackpool,Infusion,109.3,49.7,2260.5,5,https://rcdb.com/3672.htm
Other,Pleasure Beach Blackpool,Steeplechase,,,,0,https://rcdb.com/795.htm
Other,Pleasure Beach Blackpool,Big One,213.0,74.0,5497.0,0,https://rcdb.com/775.htm
Other,Pleasure Beach Blackpool,Revolution,56.0,45.0,635.0,1,https://rcdb.com/788.htm
Other,Pleasure Beach Blackpool,Icon,88.5,52.8,3750.0,1,https://rcdb.com/14312.htm
Other,Pleasure Beach Blackpool,Grand National,62.0,40.0,3302.0,0,https://rcdb.com/792.htm
